glottocode,langname,longitude,latitude,ocean_distance
area1240,'Are'are,161.158,-9.20699,9511.38222770106
abua1244,Abua,6.61492,4.83057,20617.4485389434
adny1235,Adnyamathanha,138.671,-30.1451,283364.839671567
adyg1241,Adyghe,39.33,44,8541.75840240417
afri1274,Afrikaans,30,-22,491349.339530478
agus1235,Agusan Manobo,125.742,8.62731,43842.5977663918
ahte1237,Ahtena,215.111,61.7068,99405.3126305252
akan1250,Akan,-1.33254,6.34756,132886.222964678
akaw1239,Akawaio-Ingariko,299.138,6.16277,243276.862832439
akha1245,Akha,100.964,21.2309,537420.017930751
akka1240,Akkadian,44.1,33.1,503196.058335953
alab1237,Alabama,265.37152000000003,30.76738,113651.323013951
aleu1260,Aleut,185.71,52.1228,3194.97881262081
amha1245,Amharic,39.543456,11.708182,324714.641164655
anci1244,Ancient Hebrew,35.1725,31.7761,48433.0754639667
anda1287,Andalusian Arabic,-5.2,36.54,12916.2789033865
anei1239,Aneityum,169.825,-20.1864,4548.6115257993
angg1239,Angguruk Yali,139.457,-4.0836,196463.217128487
anuf1239,Anufo,0.56021,10.2839,466889.086901998
aona1235,Ao Naga,94.3824,26.3241,481980.360532629
arap1274,Arapaho,251.19,43.3879,1144870.86416032
arik1262,Arikara,260,45,1416501.12289293
arom1237,Aromanian,21.2,40.616,121506.841271142
aros1241,Arosi,161.432,-10.2441,2231.17751624105
arta1239,Arta,121.656,16.4185,40393.2346454451
assa1263,Assamese,91.2932,26.0876,286147.503929903
assy1241,Assyrian Neo-Aramaic,43,36.75,523993.881481897
ataa1240,Ata,122.9,9.715,28030.3383945123
atak1252,Atakapa,266.9173,30.9121,124318.533885294
atay1247,Atayal,121.388,24.5209,41783.9523824168
aves1237,Avestan,62.112,34.217,788553.995032093
awap1236,Awa,145.714,-6.65534,132321.38091822
baba1267,Baba Malay,103.076,1.75414,5652.39966099692
bada1257,Badaga,76.5974,11.3094,86758.2549255316
bafa1249,Bafanji,10.4518,5.84612,214992.386160456
bali1278,Balinese,115.075,-8.35714,20503.3853964594
bamb1269,Bambara,-7.65,12.9,736532.109938637
bant1281,Bantawa,87.04738,27.12147,520567.512690365
bara1370,Baram Kayan,114.482,3.51211,100122.129737774
bard1255,Bardi,122.906,-16.6274,9098.79663768015
nucl1418,Bassa,-11.543,7.27501,29237.2492394948
bata1298,Batad Ifugao,121.23,16.8266,88534.7311997144
bayu1240,Bayungu,114.108,-23.3809,35464.268805778
beij1234,Beijing Mandarin,116.1172766,39.9385466,168635.931635569
beja1238,Beja,36.6666,17.2436,191157.253902904
bela1256,Belanda Bor,27.8232,6.6503,1609422.95633366
bela1254,Belarusian,25.6038,53.2307,344654.680744371
bell1243,Bella Coola,233.311,52.3448,16888.0739362068
bemb1257,Bemba,29.2993,-10.6122,1123201.79952637
beng1286,Beng,-4.23539,7.78122,275096.297336735
beng1280,Bengali,90,24,66419.5004887751
bero1242,Berom,8.81221,9.67037,531368.888770008
besi1244,Besisi,101.676,2.717,10156.4289736483
biat1246,Biatah Bidayuh,110.254,1.17596,57691.3298206258
bini1246,Bini,5.70426,6.40701,88242.1978571762
bisl1239,Bislama,166.89,-15.4,20416.416451228
bang1354,Bobangi,17.227,-0.87437,721740.612531466
bodo1269,Bodo-Mech,92,26.1,312487.921527838
boko1266,Boko,3.71771,10.5189,435990.525974357
boko1267,Bokobaru,3.80058,9.52724,325852.731070298
chim1302,Bolivar-North Chimborazo Highland Quichua,281.1479,-1.36727,134791.304044503
bond1245,Bondo,83.8141,19.1512,84958.1239067739
bong1285,Bongo,27.9918,7.4145,1544189.96041762
bora1271,Borana-Arsi-Guji Oromo,37.882,1.05676,478680.786074463
bord1248,Border Kuna,282.8336,7.92993,27053.215573588
braz1246,Brazilian Portuguese,-8.1,39.91,66869.9559413201
bret1244,Breton,-3.78934,48.2452,34081.8997686182
bugh1239,Bughotu,159.802,-8.47948,2719.52568386248
bulg1262,Bulgarian,25.047,43.3646,222128.552580402
buli1254,Buli,-1.26748,10.5763,561576.129840834
nucl1310,Burmese,93.9665,20.7926,101569.078741098
busa1253,Busa,4.39929,9.91074,375937.835915057
cahu1264,Cahuilla,243.309,33.5324,74992.6618044872
caju1236,Cajun French,268.3867,29.6869,1113.74505035314
calo1236,Caló,0.6,41.424,54127.923067566
cari1275,Caribbean Hindustani,304.666832,5.722918,26042.4456966064
caro1242,Carolinian,145.765,15.205,2265.32531654237
casi1235,Casiguran-Nagtipunan Agta,121.878,16.2176,10290.3706513774
cayu1262,Cayubaba,294.51779999999997,-13.2482,774529.03059931
cebu1242,Cebuano,124.367,8.38799,8657.93452417594
cent2292,Central Bontoc,120.92,17.08,53143.3854714579
carr1249,Central Carrier,235.672,54.3768,245666.214097247
sout2789,Central Dagaare,-2.52265,10.4226,568458.512440283
cent2050,Central Kanuri,13.13,11.8,929166.208984057
cent1989,Central Khmer,105.015,12.0515,184826.131464015
cent1972,Central Kurdish,45.8077,35.6539,367901.969799867
mala1479,Central Malay,103,1.85856,11901.582192474
cent1990,Central Nicobarese,93.3921,7.94812,3545.39492462028
cent2128,Central Siberian Yupik,189.728,63.4308,11816.6394762049
cent2131,Central Tarahumara,252.846,27.5648,239395.08558009
chad1249,Chadian Arabic,13.5,14.67,1226430.91862258
cham1312,Chamorro,144.74474,13.438011,4835.24326737298
chan1313,Chang Naga,94.9536,26.4336,528068.4764338
chan1310,Chantyal,83.4488,28.684,833720.566977933
chek1238,Cheke Holo,159.625,-8.27055,9095.26295728253
chep1245,Chepang,84.9017,27.7206,668623.616058183
cher1273,Cherokee,276.837,35.4664,400017.310999254
chey1247,Cheyenne,253.341,45.5321,1216070.1676245
chip1241,Chippewa,265.7262,47.347,1043155.8776032
choc1276,Choctaw,271.5,32.25,179097.780472078
cung1238,Chung,10.4104,6.59687,280853.358232372
chuu1238,Chuukese,151.598607,7.346993,989.541171989704
clas1250,Classical Nahuatl,263.03,19.72,53052.95372427
clas1252,Classical Syriac,42.1432,37.1129,457601.473073822
coas1301,Coast Miwok,237.006,38.3285,4570.95515393596
cent2087,Coastal-Naga Bikol,123.403,13.7574,14424.6430372475
coma1245,Comanche,259,34,719225.98335561
corn1251,Cornish,-4.18619,50.5233,14466.3882226848
cree1270,Creek,272.5,31,59371.2745871208
czec1258,Czech,15.10437,49.873398,420284.74682444
port1286,Daakie,168.046,-16.3083,1312.96431595475
dagb1246,Dagbani,-0.43227,9.64745,433921.766002662
daka1243,Dakaka,168.013,-16.2696,3664.96242485887
dako1258,Dakota,263.42,45.86,1257223.44207116
dani1285,Danish,9.36284,54.8655,20204.7140873392
dehu1237,Dehu,167.229,-20.8892,6700.60626411384
tana1289,Dena'ina,209.241,60.4712,30351.2818215729
devo1240,Devon,-1,53,70847.8290577413
dhal1245,Dhalandji,114.937,-22.196,43695.4169986341
dhar1247,Dhargari,114.847,-24.0601,131817.514207264
didi1258,Didinga,33.6869,4.21489,1056194.85174347
dima1251,Dimasa,93.1806,25.4198,330478.517383961
diri1252,Diriku-Shambyu,20.6678,-18.1681,798975.35954211
djin1253,Djinang,134.82,-12.462,37037.736173958
djiw1241,Djiwarli,116.98858,-24.10724,330535.924284987
doro1266,Doromu-Koki,147.986,-9.56687,58825.8786202932
dutc1256,Dutch,5,52,47825.6937447524
dzon1239,Dzongkha,89.581604,27.410786,436913.982423893
east2387,East Limba,-11.7496,9.71107,170811.194293697
huaa1248,East Taa,20.79583,-24.20022,609386.18582991
tang1336,East-Central Tangkhul Naga,94.3567,25.0489,378574.209968344
nucl1235,Eastern Armenian,45,40,335987.826441024
east2304,Eastern Balochi,62,28,309213.665241681
east2534,Eastern Canadian Inuktitut,284.3861,62.1735,6078.89644134773
east2542,Eastern Ojibwa,280.2497,45.0112,396275.02977035
panj1256,Eastern Panjabi,75.6702,30.0368,913384.824260545
east2295,Eastern Yiddish,19.42,51.75,290504.241841477
efik1245,Efik,8.38121,4.89379,8352.41498127484
egyp1246,Egyptian,30.834959,28.381735,187952.930915423
egyp1253,Egyptian Arabic,31,31,50732.648963669
enga1252,Enga,143.685,-5.45619,188388.272693311
esan1238,Esan,6.33917,6.25685,121132.180306542
esse1265,Essex,-1,53,70847.8290577413
esto1258,Estonian,25.82,58.55,78191.7663634898
ewee1241,Ewe,0.814975,6.46061,55699.7496609321
fiji1243,Fijian,178.33,-18,14941.811332526
fili1244,Filipino,123.464,12.265,5479.23437891988
finn1318,Finnish,25.5577,64.7628,16743.4611784366
fore1270,Fore,145.5065,-6.64473,130619.709472194
stan1290,French,2,48,198543.924160316
futu1245,Futuna-Aniwa,170.215,-19.5303,75846.5512539288
fuyu1242,Fuyug,147.312,-8.6371,60586.1150606406
gaaa1244,Ga,-0.18598,5.65488,11141.1479146249
gaam1241,Gaam,33.9797,11.4674,747786.815506043
gade1242,Gade,7.49869,8.71139,411010.017293507
gali1258,Galician,-7.5343,42.2446,95241.513284752
gamb1252,Gambian Wolof,-16.1544,13.5337,9720.90947174939
gand1255,Ganda,32.15153,0.66884,971745.467515881
gari1256,Garifuna,273.09090000000003,15.3529,45529.6673835806
gbar1246,Gbari,7.10757,8.46411,364053.814672117
geda1237,Gedaged,145.781,-5.18175,1198.37492989251
geez1241,Geez,40.6821,10.1342,253715.830048241
gela1263,Gela,160.186,-9.04587,4411.52138299742
nucl1302,Georgian,43.78613,41.850397,167747.471001774
stan1295,German,12.4676,48.649,324801.263833086
giky1238,Gikyode,0.56975,8.39478,262974.333806562
gilb1244,Gilbertese,173.64,0.179,102633.858196786
meso1252,Gilit Mesopotamian Arabic,43.1095,33.8178,624898.03240158
giry1241,Giryama,39.6648,-3.30638,33774.744820039
goan1235,Goan Konkani,74.2098,15.2732,32746.3251400865
goem1240,Goemai,9.72453,8.74455,454833.872478421
gras1249,Grass Koiari,147.437,-9.51218,15636.5566066247
guar1292,Guarayu,298.3066,-15.8247,964448.056952561
guja1252,Gujarati,71.0962,22.687,69255.6654617529
gulf1241,Gulf Arabic,47.5,30.17,49662.7439579958
gung1250,Gungu,31.4819,2.06754,1106209.82837339
gwer1238,Gwere,33.8227,1.11392,827575.742588834
haaa1252,Ha,30.4894,-3.77873,951945.228219207
hais1244,Haisla,231.398,53.964,5953.34017305147
hait1244,Haitian,287.863885,18.795135,25977.1484740226
hakk1236,Hakka Chinese,116,25,176517.073284386
halh1238,Halh Mongolian,106.28874,48.32397,1373855.70303409
haus1257,Hausa,8.7804,11.1513,694878.499912329
hava1248,Havasupai-Walapai-Yavapai,246.615,35.6302,438690.604243739
hawa1245,Hawaiian,204.57,19.6297,40330.2337982468
heil1246,Heiltsuk-Oowekyala,232.779,51.7045,729.731377317821
here1253,Herero,20.5655,-21.0231,649918.155988803
hida1246,Hidatsa,258,47.33,1235380.11541919
hili1240,Hiligaynon,122.974,10.4018,13292.7468931189
hind1269,Hindi,77,25,526192.642090472
hind1270,Hindustani,78.91266666666667,20.558666666666667,528940.316433622
hmon1333,Hmong Daw,103.164,21.5461,343393.547765788
hmon1264,Hmong Njua,101.95,22.5638,509810.7768781
hooo1248,Ho,87.1188,23.9596,195305.426234117
hoch1243,Ho-Chunk,271.5,43.5,1024157.13851463
hung1274,Hungarian,19.6555271429,46.9068585714,422704.355905304
wyan1247,Huron-Wyandot,282.5,44.33,233084.729445501
iban1264,Iban,112.934,2.09041,111012.977990854
ibib1240,Ibibio,7.86688,5.15279,48947.1524347516
icel1247,Icelandic,-19.0212,63.4837,6058.7697998169
nucl1417,Igbo,7.23441,4.62705,3242.96280178629
ilok1237,Iloko,120.993,15.9361,61946.2214513406
ipai1240,Ipai,243.007,33.005,26237.5146937501
iqui1243,Iquito,286.02954,-3.31233,644744.107050905
iraq1241,Iraqw,35.2939,-4.19948,430970.85722122
iris1253,Irish,-7.61509,53.2186,87574.5187897233
isth1244,Isthmus Zapotec,265.1556,16.4548,4187.25464859681
ital1282,Italian,12.6489,43.0464,88259.6996574991
izon1238,Izon,5.51702,5.17986,5386.98171310184
nucl1643,Japanese,135,35,34290.2753886487
java1254,Javanese,109.287,-7.001,14922.4169192033
jeha1242,Jehai,101.541,5.63695,91139.4422458063
jewi1240,Jewish Babylonian Aramaic,44.245,32.273,435571.569368323
jica1244,Jicarilla Apache,252.993,36.8079,837199.326295646
djin1251,Jingulu,133.659,-17.165,312923.956638074
jude1267,Judeo-Yemeni Arabic,45,15,197852.278645367
kich1262,K'iche',268.8304,14.5278,63537.2978624712
cent2100,Kadazan Dusun,116.681,6.02998,51939.877806483
kala1397,Kalam,144.585,-5.25216,114833.057202465
kara1499,Kalamang,132.678,-3.47037,17571.894176946
kali1308,Kalispel-Pend d'Oreille,245.81,47.5825,603063.458992314
kamb1297,Kamba,37.9532,-1.60827,279292.129556296
nucl1305,Kannada,76.1198,13.5878,154202.029537037
kapi1249,Kapingamarangi,154.797223,1.039166,513400.614119814
kara1483,Karamojong,34.2761,2.45157,873815.303118075
kash1277,Kashmiri,74.330455,34.166825,1220974.09718503
newa1246,Kathmandu Valley Newari,85.326,27.67,645066.438444457
kati1270,Katë,70.9826,35.4145,1177449.52767615
kaza1248,Kazakh,71.454,51.17,1419455.43142033
khas1269,Khasi,91.9998,24.977,209170.691230889
khot1251,Khotanese,79.04,38.33,1847397.87440201
khwa1238,Khwarezmian,60.75,41.68,508860.937503451
kili1268,Kiliwa,244.877,30.5471,42687.4956007006
ling1263,Kinshasa Lingala,15.28532,-4.409174,294091.000755874
kiny1244,Kinyarwanda,29.6441,-1.56771,1118355.98446715
kips1239,Kipsigis,35.258532,-0.35774,609564.677007447
kirg1245,Kirghiz,74,42,1605991.57147714
klam1254,Klamath-Modoc,238.296,42.5861,216848.126643256
koas1236,Koasati,267.291,30.4096,80761.6582591502
kokb1239,Kok Borok,91.4673,23.1916,34138.0994832643
kore1280,Korean,126.98,37.54,28518.2072484965
kosa1249,Kosarek Yale,139.645,-4.06603,191643.872893141
kosr1238,Kosraean,162.98,5.31,707.515216562951
kuan1247,Kuanyama,16.58,-17.7176,448522.512323987
kudm1238,Kudmali,87.33,25.92,399110.996111996
kuku1273,Kuku-Yalanji,145.188,-16.0036,23869.8777894473
kumb1268,Kumbainggar,152.913,-29.8189,35226.1881642707
kuru1301,Kurukh,86.46568,24.46442,276916.854851415
kwai1243,Kwaio,160.965,-8.93744,11044.396469305
kwak1269,Kwak'wala,232.692,50.9269,249.92114700675
kwam1252,Kwamera,169.442,-19.5954,2138.77160423835
kwan1273,Kwangali,19.256,-17.9026,688264.911831953
kwom1262,Kwoma,142.664,-4.08721,89334.3773332134
kxoe1243,Kxoe,22.599835,-16.59051,1067975.897177
kyak1244,Kyaka,144.119,-5.52462,169125.261627584
kate1253,Kâte,147.757,-6.4795,9309.15583169249
komn1238,Kómnjo,141.5878,-8.70216,53689.8740887106
ladi1251,Ladino,28.6632,41.205,14704.573741016
lako1247,Lakota,256.05,46.3699,1390856.65272981
lamb1271,Lamba,27.9026,-12.3366,1090715.29393861
laoo1244,Lao,102.46,19,332470.166296657
lari1255,Larike-Wakasihu,127.956,-3.76522,778.513566442563
lati1261,Latin,12.4502,41.9026,21647.2365870186
amer1254,Latin American Spanish,-1.11788,40.4414,108555.207311718
latv1249,Latvian,24.309118,56.826108,30326.7927868184
lauu1247,Lau,160.872,-8.51018,3461.41769069379
lega1249,Lega-Shabunda,27.1424,-3.83196,1313508.77621142
lada1244,Leh Ladakhi,80.6013,33.468,1427800.53491516
lena1238,Lenakel,169.261,-19.4763,3898.60686993703
lepc1244,Lepcha,88.5726,27.0869,438294.95535757
nort3139,Levantine Arabic,36.0468,34.1709,35129.7118428828
libe1247,Liberia Kpelle,-9.96128,6.92048,97779.494920633
limb1266,Limbu,87.8859,27.2703,487037.466739664
lisu1250,Lisu,98.94,26.91,875175.111903681
lith1251,Lithuanian,23.9601,55.1429,173376.715470261
araw1276,Lokono,303.0757,5.64295,23932.8383370027
lonw1238,Lonwolwol,168.016,-16.2286,4157.26459351123
lopi1242,Lopit,32.7534,4.6986,1167387.83787572
louu1245,Lou,147.346,-2.38659,27543.1901161439
loui1240,Louisiana Creole French,269.2525,30.0412,34014.1644035187
lozi1239,Lozi,24.7398,-17.7052,1066851.96105504
lund1271,Lundayeh,115.5,4.25064,77105.7369611338
luok1236,Luo,34.4896,-0.93296,665232.099387643
lyci1241,Lycian A,29.764,36.517,37419.6148342139
maga1263,Mag-Anchi Ayta,120.459,15.1954,37410.4021963373
magu1243,Maguindanao,124.509,6.9453,49226.8200245308
maha1287,Mahasu Pahari,77.5317,31.0088,1082485.81648575
mail1248,Mailu,149.521,-10.3657,3568.97666200629
mait1250,Maithili,86.2211,26.3817,478432.808406397
mala1533,Malacca-Batavia Portuguese Creole,102.262059,2.188087,79.6965798807485
mala1464,Malayalam,76.7651,9.59208,34156.1476463328
mala1522,Malayo,286.5944,10.9286,40053.786411102
male1292,Malecite-Passamaquoddy,292.59195,45.494475,42383.7046648863
mali1284,Mali,152.214,-4.71826,18853.758482137
mamb1296,Mambwe-Lungu,31.2269,-8.86817,888728.263559432
mamp1244,Mampruli,-0.74675,10.3884,523121.676764444
mand1413,Manda,83.6749,20.0962,157588.279530571
mand1425,Mandari,31.2327,5.83656,1376631.71693664
mand1415,Mandarin Chinese,116.228,40.0209,165870.781865034
mand1436,Mandinka,-15.6539466667,12.8165233333,69559.9359307998
mang1401,Mangareva,225.03,-23.1095,442279.396268651
mani1292,Manipuri,93.3426,24.4409,256744.274443064
mans1262,Mansaka,126.181,6.79221,3643.05418197175
manx1243,Manx,-4.45437,54.2604,5550.86599215612
maor1246,Maori,176.541,-38.2881,48628.4611812542
mapu1244,Mapun,118.75,6.09061,47937.8838809568
mara1382,Mara Chin,93.0387,22.1138,116545.217532444
mara1404,Maranao,124.175,7.79414,25843.5827134705
mara1378,Marathi,76.6665,17.9344,372423.350756087
mara1385,Marra,134.865,-14.7927,58205.2393807709
mars1254,Marshallese,167.73,8.72,186010.490027307
mart1256,Martu Wangka,123.66842240336,-23.350911655789,499864.033740869
masa1300,Masai,36.4573,-3.1419,350976.266538725
masb1238,Masbatenyo,123.63579,12.21453,10321.1622732554
maya1287,Mayan,267.1557966206964,17.423987813269193,114823.403076673
mbay1241,Mbay,15.7328,8.23066,813461.207622977
mbuk1240,Mbukushu,22.5026,-17.6827,990849.524375133
medi1245,Media Lengua,281.4608,-1.04518,184102.637556944
mele1250,Mele-Fila,168.275,-17.6841,2343.62321228102
mesk1242,Meskwaki,271,44,999484.95589769
mexi1248,Mexican Spanish,-1.11788,40.4414,108555.207311718
mikm1235,Mi'kmaq,296,46,212.270790801351
midd1344,Middle Chinese,108.9,34.27,909517.877474084
midd1343,Middle High German,10.599,48.254,333638.142253485
midl1243,Midland American English,-1,53,70847.8290577413
mind1253,Min Dong Chinese,119.5,26,771.106277499454
minn1241,Min Nan Chinese,118.17,24.5,989.672489147388
misi1243,Misima-Paneati,152.696,-10.6821,90367.6794245792
misi1242,Mising-Padam-Miri-Minyong,94.69,27.418,590838.534097339
lush1249,Mizo,92.6247,22.6138,83521.2364476312
mode1248,Modern Greek,23.13,38.36,18463.6983189639
hebr1245,Modern Hebrew,35.0179,31.1056,73143.364230564
moki1238,Mokilese,159.776,6.65651,161278.727245897
monn1252,Mon,98.122465,15.49394,37927.5353532569
moro1292,Moroccan Arabic,-7.5,32.5,118885.761535247
luxe1241,Moselle Franconian,6.14931,49.6839,233038.806712085
mota1237,Mota,167.690924,-13.835361,14869.7853053011
mudb1240,Mudburra,132.329,-16.7694,340292.584697524
muna1247,Muna,122.541,-5.40419,1636.20983614493
mund1320,Mundari,85.85,23.03,213252.071927273
mung1266,Mungaka,10.0294,5.89752,193556.800460229
muru1266,Muruwari,146.546,-28.9618,650661.021767426
mush1238,Mushungulu,42.6626,0.00689,17959.9755388887
mwag1236,Mwaghavul,8.96522,9.47205,511792.055954684
misk1235,Mískito,275.7058,15.1576,34471.916151764
sout2856,Nafsan,168.377,-17.7006,9051.49753833688
naka1262,Nakanai,150.888,-5.59931,16654.7289879586
nanc1247,Nancowry,93.3921,7.94812,3545.39492462028
nand1266,Nandi,35.408478,0.793737,660522.17349121
naro1249,Naro,20.7458,-22.0939,642958.691847693
yong1270,Narua,100.9,27.8,956012.139634472
nava1243,Navajo,250.62,36.33,664445.362643896
ncan1245,Ncane-Mungong,10.5312,6.50696,281131.036458826
ndau1241,Ndau,33.1739,-20.1239,161256.056392618
ndon1254,Ndonga,17.35,-17.22,546589.844600645
nenn1238,Nen,142.032,-8.62183,51127.3421694496
neng1238,Nengone,167.964,-21.5305,8650.73543581777
nucl1706,Neo-Mandaic,48.8128,31.3443,94885.6535534671
nepa1254,Nepali,85,28,691946.710358093
nezp1238,Nez Perce,243.592,46.3073,467347.926490864
ngaa1240,Ngaanyatjarra,127.602,-25.7514,674580.167923335
ngal1292,Ngalkbun,133.936,-13.9783,180457.114087131
ngan1295,Ngandi,134.649,-12.8448,83323.77304855
niue1239,Niuean,190.14,-19.06,5192.79968301202
nort2943,North Alaskan Inupiatun,216.23,69.582,53694.0524761495
nort2697,North Azerbaijani,46.4737,40.97768,192612.568203435
nort2671,North Saami,22.1113,68.725,103819.80250973
nort2952,Northeast Maidu,239.355,40.4102,272101.220937662
nort2875,Northern Alta,121.454,15.6913,15258.6775930502
nort2810,Northern Grebo,-8.1409,5.17103,63142.7483184391
nort2646,Northern Pashto,71.33,34,1049024.53745699
tosk1239,Northern Tosk Albanian,20,41,45372.2752812247
nort2690,Northern Uzbek,69.211,40.886,1215869.49996091
yaki1237,Northwest Sahaptin,239.244,46.2655,172026.565696883
nort2961,Northwestern Ojibwa,272.2138,51.6192,404233.546349506
norw1258,Norwegian,10.71,59.92,18434.3071838139
nuer1246,Nuer,32.3829,8.13911,1119131.25035234
nugu1241,Nugunu,133.908,-31.9899,32479.369160734
nung1283,Nung,104.286,20.8965,206509.629577508
nupe1254,Nupe-Nupe-Tako,5.40031,9.18404,332868.341007695
nuuc1236,Nuu-chah-nulth,233.33,49.67,3026.75419504307
nyan1308,Nyanja,32.8108,-14.8047,565335.820753264
nyan1307,Nyankole,30.548,-0.46364,1071261.74610024
nyol1238,Nyole,33.9181,0.88072,805383.227540654
nzim1238,Nzima,-2.81123,5.1785,16848.2724947284
oriy1255,Odia,85,21,131791.983028724
oksa1245,Oksapmin,142.177,-5.20797,224554.612229287
oldc1244,Old Chinese,114.32,36.12,390516.904975604
olde1238,Old English,-1.31,51.06,19610.1516251676
oldf1239,Old French,1.11,48.8,87987.0994499928
oldk1249,Old Khmer,103.866667,13.4125,192382.243743328
oldn1244,Old Norse,10.38,63.42,5002.56489925329
orok1267,Orokolo,145.34,-7.81309,7109.56228322241
osag1243,Osage,263.7051,36.7828,789933.540042001
paam1238,Paama,168.23693,-16.47548,13762.0972658633
paiw1248,Paiwan,120.806,22.3271,8376.53390453
pala1344,Palauan,134.476678,7.34138,6741.40676538261
pali1273,Pali,82.251,24.5271,596165.351525724
phal1254,Palula,71.8421,35.5096,1219661.61741341
pamp1243,Pampanga,120.502,14.9603,12422.0163308986
pang1290,Pangasinan,120.365,15.9377,14620.5935740063
papi1253,Papiamento,290.06012,12.48485,2235.6710275725
pedi1238,Pedi,29.471800000000002,-24.7993,340680.25383522
penn1240,Pennsylvania German,283.6789,40.030507,56659.3626611742
pidg1254,Pidgin Chinook Jargon,235,55,261338.675634378
pint1250,Pintupi-Luritja,130.643,-23.2963,913068.095299428
plai1258,Plains Cree,249.537,51.2437,903851.353724267
plat1254,Plateau Malagasy,47.1211,-19.5907,179135.956238084
plau1238,Plautdietsch,250.646132,49.578028,958769.615438233
pohn1238,Pohnpeian,158.223,6.87212,6302.29737578214
poli1260,Polish,18.6255,51.8439,279528.494737211
port1283,Portuguese,-8.1,39.91,66869.9559413201
powh1243,Powhatan,282.79248,36.99422,33267.5660292553
pula1263,Pulaar,-13.4482,13.8694,218452.862414388
pulu1242,Puluwatese,149.2005,7.35695,261283.765395667
rabh1238,Rabha,91.1689,25.8248,254817.930699639
rade1240,Rade,108.41,12.979,95215.1159569245
ralu1237,Raluana,152.114,-4.30986,8255.10704089939
reel1238,Reel,30.49451,6.32234,1409289.00583948
rend1243,Rendille,37.3608,2.27065,617984.703023556
renn1242,Rennell-Bellona,160.265,-11.6237,2732.94828066742
rita1239,Ritharrngu,135.259,-13.4559,72371.6199021468
roma1327,Romanian,24.2256,46.3913,397819.648374036
romb1245,Romblomanon,122.56,12.4047,6257.94157565434
rong1269,Rongga,120.702,-8.84604,1447.04328785644
rotu1241,Rotuman,177.066,-12.5008,1395.75357845364
rovi1238,Roviana,157.408,-8.20493,7080.13817953656
rung1259,Rungus,116.743,6.83989,6511.89397321015
russ1263,Russian,50,59,812003.763454563
sgaw1245,S'gaw Karen,97.7126,17.9872,108339.677072198
saaa1240,Sa'a,161.467,-9.60258,6032.89578985658
saba1279,Sabaic,45.35,15.42,233152.914360253
sadr1248,Sadri,84.8114,23.6585,335857.461471603
samo1305,Samoan,188.17,-13.92,9812.86061119567
sanb1242,San Blas Kuna,281.6925,9.15686,17512.4593135268
sana1295,Sanaani Arabic,44.8412,15.6552,218168.057620241
sang1328,Sango,20.1702,6.78584,1199174.96758439
sans1269,Sanskrit,77,20,427845.666439195
sant1410,Santali,87.8185,25.0317,295752.816131454
sanz1248,Sanzhi,47.5667,41.97796,58178.6405436925
saur1248,Saurashtra,77.9427,9.99172,111702.236544794
savo1255,Savosavo,159.814,-9.12853,17481.0176539093
scot1243,Scots,-3.710133,55.886945,15702.2332757574
scot1245,Scottish Gaelic,-5.24366,56.7574,1615.17591573468
sele1250,Selepet,147.234,-6.03532,9049.56693086183
sema1266,Semai,101.477,4.13257,75536.4629382365
semb1240,Sembakung Murut,116.799,4.22102,72384.2202520841
sene1264,Seneca,282.47,42.56,328641.741939417
sout1528,Serbian-Croatian-Bosnian,18.81,44.15,165634.432896475
shan1277,Shan,98.0342,21.5995,483019.61506857
shat1244,Shatt,29.7687,10.8525,1174522.63598664
shek1244,Shekkacho,35.3922,7.27424,914203.178126181
shil1265,Shilluk,31.7926,9.85472,1046413.86374994
shon1251,Shona,29.75725,-17.20849,585688.189916495
shos1248,Shoshoni,244,41,575777.33085373
sici1248,Sicilian,14.0414,37.5735,50211.9769155741
sida1246,Sidamo,38.3729,6.74176,699709.556262931
siee1239,Sie,169.166,-18.8181,4461.84068002613
sina1266,Sinaugoro,147.861,-9.79791,31257.8930354567
sind1272,Sindhi,69,26,229944.601903268
sing1272,Singlish,-1,53,70847.8290577413
sinh1246,Sinhala,81,8,49299.7006273279
slov1269,Slovak,18.78479,48.545705,483427.681708861
slov1268,Slovenian,14.7766,46.2543,103228.419668823
soma1255,Somali,45.152856,4.778704,252584.115185517
sora1254,Sora,84.19,19.1213,51200.4044728701
sout3283,South Yorkshire English,-1,53,70847.8290577413
koon1244,South-Central Koongo,14.4771,-5.57722,159133.224949286
sout2859,Southeast Ambrym,168.211,-16.2975,5172.36721713391
raro1241,Southern Cook Island Maori,200.22,-21.23,1980.32862315194
sout2668,Southern Hindko,72.1702,33.2122,1014674.19720056
kach1280,Southern Jinghpaw,97.3278,25.4634,654384.556234362
sout2807,Southern Sotho,27.89,-28.78,322911.571087681
sout2832,Southwestern Dinka,28.0613,8.81115,1450487.33694923
stan1288,Spanish,-1.11788,40.4414,108555.207311718
squa1248,Squamish,236.986,49.3231,77.9334545184054
stan1318,Standard Arabic,43.8525,27.9625,409661.070500395
indo1316,Standard Indonesian,109.716,-7.33458,49428.517018947
stan1306,Standard Malay,101.699,3.08896,39207.8934171109
suau1242,Suau,150.21,-10.6606,2931.67724514717
suda1236,Sudanese Arabic,33.3179,17.8021,449977.746019837
sume1241,Sumerian,45.6667,31.3,263815.1567222
sund1252,Sundanese,107.106,-6.89708,61317.0268247689
surs1246,Sursurunga,152.768,-3.99078,7699.3765818634
suss1239,Sussex,-1,53,70847.8290577413
swah1253,Swahili,37.624,-8.25605,185697.952869782
swat1243,Swati,31.5,-26,108977.908704698
swed1254,Swedish,17.389526,59.800634,58742.2233181199
taga1270,Tagalog,121.747,14.06,8315.1933209766
tahi1242,Tahitian,210.55,-17.6485,10957.1772882443
taid1250,Tai Dón,103.570496667,21.84898,328570.905029409
tain1252,Tai Nüa,99.722,21.7837,572586.568502572
taku1257,Takuu,157.032085,-4.773094,212941.072813531
tali1258,Talinga-Bwisi,29.9494,0.676185,1189639.73678021
tali1259,Talise,160.231,-9.76764,5687.33345431861
malo1243,Tamambo,167.16,-15.6835,3911.7606410492
tami1289,Tamil,78.825989,10.520219,60429.3606350019
tamp1252,Tampulma,-1.35467,9.75577,478850.644002432
tana1290,Tanacross,216.662,63.4046,296943.054563591
nucl1696,Tangale,11.3228,9.75444,633644.108624172
tang1348,Tangga,153.611,-4.08824,986.404403575133
tari1263,Tarifiyt-Beni-Iznasen-Eastern Middle Atlas Berber,-3.430616,34.916974,32947.3495142533
taus1251,Tausug,118.88,5.12236,11598.7162472052
tbol1240,Tboli,124.538,6.20377,15348.7082784243
tean1237,Teanu,166.868,-11.6752,127.361167112968
teee1242,Tee,7.37553,4.73213,18439.4955412843
tele1256,Telefol,141.731,-5.07444,226351.528865323
telu1262,Telugu,78.7024,16.4529,188964.878108243
temi1246,Temiar,101.438,4.974,97960.1805449801
teop1238,Teop,154.971,-5.67474,13360.6443469299
tere1278,Terei,155.745,-6.70051,12477.2253684627
tetu1245,Tetum,125.528,-9.11217,12733.0440823949
thai1261,Thai,100.671,14.192,69755.5986776139
thao1240,Thao,120.93,23.8333,61712.7604478943
thay1249,Thayore,142.034,-14.8159,46447.0215078876
thom1243,Thompson,239.807,50.1668,210894.174727393
tibe1272,Tibetan,90.1872,28.3681,532780.271732514
tigr1271,Tigrinya,38.9266,15.3359,65879.549906136
tiko1237,Tikopia,168.822,-12.2766,215622.64307591
tiri1258,Tiri-Mea,165.792,-21.8147,689.260178056952
tivv1240,Tiv,9.26287,6.88039,244554.511117173
tiwi1244,Tiwi,130.949,-11.6308,27748.9851776638
toab1237,To'abaita,160.619,-8.39233,1245.03936577844
toar1246,Toaripi,146.206,-8.07231,14535.5084407983
toho1245,Tohono O'odham,248.005,31.7973,121111.859543093
tokp1240,Tok Pisin,147.303,-9.41971,15061.7607773301
toke1240,Tokelau,188.219167,-9.227642,64334.6437385395
tong1325,Tonga,184.75,-21.17,2940.83335530675
tonk1249,Tonkawa,263.25,30.25,170314.115179603
trin1276,Trinidadian Creole English,298.5829,10.4208,6809.80408721217
tson1249,Tsonga,31.8105,-23.5754,241976.292669269
tswa1253,Tswana,24.7587,-24.368,808633.679358585
tuam1242,Tuamotuan,213.678245,-16.17259,75856.6913572844
tulu1258,Tulu,75.2651,12.8114,40597.5216721809
tumu1242,Tumulung Sisaala,-1.79707,10.63451,587637.182158878
tuni1252,Tunica,267.4597,30.9888,141354.142673644
turk1308,Turkana,35.7101,4.30688,909253.081986407
nucl1301,Turkish,32.8667,39.8667,192674.801025932
turk1304,Turkmen,59.17574,37.08719,457957.029355388
tuva1244,Tuvalu,179.198088,-8.520813,86.0959787257287
tuvi1240,Tuvinian,94.36667,51.7,1955550.56157504
tuwa1243,Tuwali Ifugao,121.113,16.6646,81635.5679995009
twee1234,Tweed-Albert,153.286993,-28.028726,15951.1289889349
tzot1259,Tzotzil,267.26120000000003,16.6362,130528.208736491
uigh1240,Uighur,87.38,43.88,2275128.78800998
ukra1253,Ukrainian,29.945,49.796,316784.602335941
ulst1239,Ulster,-3.710133,55.886945,15702.2332757574
unam1242,Unami,285.7,40.4,7977.30146100472
uppe1439,Upper Chehalis,236.831,46.7981,39386.8706743321
uppe1395,Upper Sorbian,14.4098,51.2403,267022.681487722
urak1238,Urak Lawoi',99.0768,7.5258,1708.79037274691
urdu1245,Urdu,67,25,20802.1798251916
urho1239,Urhobo,5.86148,5.31155,38655.2969211737
urip1240,Uripiv,167.34643,-16.00951,2870.968580258
utes1238,Ute-Southern Paiute,249.695,40.0965,986917.534681095
vend1245,Venda,29.9523,-22.188,477966.236327078
viet1252,Vietnamese,105.774071,20.681188,82650.0628181432
vure1239,Vurës,167.451412,-13.905677,209.598791465182
wamp1249,Wampanoag,286.6852,41.705,56877.0464574489
wamp1247,Wampar,146.662,-6.67364,36812.7577458595
wand1263,Wandarang,135.705,-14.2996,2742.66866668244
wara1303,Warao,300.6472,7.50851,58367.3660028325
wara1300,Waray,125.012,11.4911,6851.78290704954
wari1262,Wariyangga,116.927,-24.353,319953.159009283
warl1254,Warlpiri,131.05,-20.1008,571654.510251193
wels1247,Welsh,-4,52,33433.882477338
wers1238,Wersing,124.932,-8.33936,4046.32839579518
west2721,West Central Oromo,36.7365,8.81391,702033.672265256
west2599,West Kewa,143.73,-6.32097,126964.722920518
west2630,Western Abenaki,287.3489,46.1381,7944.05640209139
west2615,Western Apache,249.877,33.8574,404719.417674409
west2555,Western Bukidnon Manobo,124.825,7.6682,74563.1807459256
west2618,Western Canadian Inuktitut,263.852,64.3486,120535.570298759
west2369,Western Farsi,53.3,32.9,426066.073317121
vlaa1240,Western Flemish,3.11345,51.0754,23602.8694325432
west2354,Western Frisian,5.86091,53.143,22528.1730556334
west2624,Western Huasteca Nahuatl,261.2289,21.3711,120023.49382362
west2763,Western Neo-Aramaic,36.484,33.8162,83980.5759602466
west1510,Western Ojibwa,257.475,50.5664,951405.72396137
west2386,Western Panjabi,75.3474,30.0948,909819.291146328
west2420,Western Parbate Kham,82.7348,28.6521,871659.656911977
west2452,Western Temne,-12.3331,8.90294,68472.4755860816
sanj1284,Western Tlacolula Valley Zapotec,263.4033,17.0332,139818.876030294
west2443,Western Victoria,143.6694397,-34.13829932,421779.763461103
wikm1247,Wik-Mungkan,141.81611,-13.98051,29519.3559489523
wilt1234,Wiltshire-Hampshire,-1,53,70847.8290577413
wira1265,Wirangu,134,-32,36013.798901657
wole1240,Woleaian,143.916,7.37957,659190.141951183
nucl1347,Wolof,-15.383,15.2534,138054.530726989
wuch1236,Wu Chinese,119.682,29.8621,64902.4388925391
nung1290,Wubuy,135.753,-14.2623,1434.1462842589
xhos1239,Xhosa,28.0769,-31.0389,145962.681228409
xara1244,Xârâcùù,165.996,-21.7034,23138.9638977734
yabe1254,Yabem,147.81,-6.67052,2412.9362148677
yaga1260,Yagaria,145.388,-6.32432,107890.490210608
yaka1277,Yakan,122.021729,6.531023,12378.366744838
yana1271,Yana,238.392,39.2769,132660.732211839
yand1253,Yandruwandha,140.583,-28.4744,529219.114648871
yank1247,Yankunytjatjara,133.577,-26.4064,609918.396250009
yaoo1241,Yao,35.2387,-13.6119,503026.251756974
yape1248,Yapese,138.125,9.55811,80.2160960119418
yaqu1251,Yaqui,249.319,29.9446,166949.723239467
yeyi1239,Yeyi,23.6088,-18.9178,1028969.66814712
ying1247,Yinggarda,115.58,-25.4446,144184.777081046
yiry1245,Yir-Yoront,141.767,-15.1117,16319.6141804681
yoga1237,Yogad,121.718,16.7015,61641.0601343515
yoru1245,Yoruba,3.67225,7.15345,61966.1351883893
yuca1254,Yucatec Maya,271.0433,18.7757,77352.2905917352
yuec1235,Yue Chinese,113,23,35280.0996609211
gami1243,Yuwaalaraay-Gamilaraay,149.543,-29.9037,342970.950737542
yama1264,Yámana,291.7352,-55.2748,1901.96748523234
zand1248,Zande,26.7157,4.62047,1706589.22127896
zigu1244,Zigula-Mushungulu,38.41138,-5.61864,52246.7432264054
zulu1248,Zulu,30.2,-28.9,121033.769101578
zuni1245,Zuni,251.218,35.0056,581991.334696898
ayiw1239,Äiwoo,166.328715,-10.282595,49143.2502531173
